{"cameraMode":{"drawMode":0,"name":"Shaded","section":"Shading Mode"},"sceneLighting":true,"audioPlay":false,"sceneViewState":{"showFog":true,"showMaterialUpdate":false,"showSkybox":true,"showFlares":true,"showImageEffects":true,"showParticleSystems":true},"in2DMode":false,"pivot":{"x":-0.13734805583953858,"y":2.8487472534179689,"z":-4.066708564758301},"rotation":{"x":0.008457381278276444,"y":0.9913221597671509,"z":0.08166111260652542,"w":-0.10266834497451782},"size":1.8036105632781983,"orthographic":false}