{"cameraMode":{"drawMode":0,"name":"Shaded","section":"Shading Mode"},"sceneLighting":true,"audioPlay":false,"sceneViewState":{"showFog":true,"showMaterialUpdate":false,"showSkybox":true,"showFlares":true,"showImageEffects":true,"showParticleSystems":true},"in2DMode":false,"pivot":{"x":-0.061977267265319827,"y":0.6668974161148071,"z":-3.7180514335632326},"rotation":{"x":-0.026444507762789727,"y":0.9734519720077515,"z":-0.15341143310070039,"w":-0.16780045628547669},"size":2.9320855140686037,"orthographic":false}