{"cameraMode":{"drawMode":0,"name":"Shaded","section":"Shading Mode"},"sceneLighting":true,"audioPlay":false,"sceneViewState":{"showFog":true,"showMaterialUpdate":false,"showSkybox":true,"showFlares":true,"showImageEffects":true,"showParticleSystems":true},"in2DMode":false,"pivot":{"x":-2.013947010040283,"y":-0.18619465827941895,"z":-1.813910722732544},"rotation":{"x":-0.07595310360193253,"y":0.9080000519752502,"z":-0.18813841044902802,"w":-0.3665672242641449},"size":3.588777542114258,"orthographic":false}